Workbook
Name NativeTimeline_Date: #N/A
Name NativeTimeline_Date1: #N/A
Name Slicer_Date2: #N/A
Name Slicer_Machine_ID: #N/A
Name Slicer_Product_Type: #N/A
Name Slicer_Shift: #N/A

Sheet data
A1: Production ID | B1: Date | C1: Date2 | D1: Product Type | E1: Machine ID | F1: Shift | G1: Units Produced | H1: Defects | I1: Defects (%) | J1: Production Time Hours | K1: Efficiency | L1: Material Cost Per Unit | M1: Labour Cost Per Hour | N1: Energy Consumption kWh | O1: Operator Count | P1: Maintenance Hours | Q1: Down time Hours | R1: Production Volume Cubic Meters | S1: Scrap Rate | T1: Rework Hours | U1: Quality Checks Failed | V1: Average Temperature C | W1: Average Humidity Percent
A2: 0 | B2: 43831 | C2: January | D2: Automotive | E2: 3 | F2: Swing | G2: 142 | H2: 3 | I2: =IFERROR(Table2[[#This Row],[Defects]]/Table2[[#This Row],[Units Produced]],"") -> 0.021126761 | J2: 23.42 | K2: =IFERROR(Table2[[#This Row],[Units Produced]]/Table2[[#This Row],[Production Time Hours]],"") -> 6.0631939 | L2: 38.68 | M2: 15.38 | N2: 413.97 | O2: 1 | P2: 4.86 | Q2: 1.57 | R2: 2.34 | S2: 0.048 | T2: 1.65 | U2: 1 | V2: 22.8 | W2: 47.2
A3: 1 | B3: 43832 | C3: January | D3: Textiles | E3: 8 | F3: Night | G3: 170 | H3: 4 | I3: =IFERROR(Table2[[#This Row],[Defects]]/Table2[[#This Row],[Units Produced]],"") -> 0.023529412 | J3: 7.51 | K3: =IFERROR(Table2[[#This Row],[Units Produced]]/Table2[[#This Row],[Production Time Hours]],"") -> 22.636485 | L3: 21.35 | M3: 25.36 | N3: 181.16 | O3: 2 | P3: 2.51 | Q3: 0.18 | R3: 1.52 | S3: 0.03 | U3: 1 | V3: 23.8 | W3: 37.9
A4: 2 | B4: 43833 | C4: January | D4: Appliances | E4: 11 | F4: Swing | G4: 182 | H4: 4 | I4: =IFERROR(Table2[[#This Row],[Defects]]/Table2[[#This Row],[Units Produced]],"") -> 0.021978022 | J4: 20.58 | K4: =IFERROR(Table2[[#This Row],[Units Produced]]/Table2[[#This Row],[Production Time Hours]],"") -> 8.8435374 | L4: 47.54 | M4: 16.46 | N4: 452.15 | O4: 2 | P4: 0.34 | Q4: 2.88 | R4: 0.57 | S4: 0.026 | T4: 0.26 | U4: 0 | V4: 24.5 | W4: 56.1
A5: 3 | B5: 43834 | C5: January | D5: Appliances | E5: 11 | F5: Day | G5: 133 | I5: =IFERROR(Table2[[#This Row],[Defects]]/Table2[[#This Row],[Units Produced]],"") -> 0 | J5: 21.68 | K5: =IFERROR(Table2[[#This Row],[Units Produced]]/Table2[[#This Row],[Production Time Hours]],"") -> 6.1346863 | L5: 40.21 | M5: 28.7 | N5: 485.78 | O5: 3 | P5: 4.64 | Q5: 2.23 | R5: 1.9 | S5: 0.036 | U5: 2 | V5: 22.3 | W5: 50.8
A6: 4 | B6: 43835 | C6: January | D6: Electronics | E6: 14 | F6: Night | G6: 82 | I6: =IFERROR(Table2[[#This Row],[Defects]]/Table2[[#This Row],[Units Produced]],"") -> 0 | J6: 16.68 | K6: =IFERROR(Table2[[#This Row],[Units Produced]]/Table2[[#This Row],[Production Time Hours]],"") -> 4.9160671 | L6: 38.02 | M6: 17.2 | N6: 315.58 | O6: 1 | P6: 2.29 | Q6: 0.02 | R6: 2.25 | S6: 0.02 | T6: 0.67 | U6: 0 | V6: 23.4 | W6: 53.9
A7: 5 | B7: 43836 | C7: January | D7: Automotive | E7: 1 | F7: Night | G7: 81 | H7: 0 | I7: =IFERROR(Table2[[#This Row],[Defects]]/Table2[[#This Row],[Units Produced]],"") -> 0 | J7: 11.91 | K7: =IFERROR(Table2[[#This Row],[Units Produced]]/Table2[[#This Row],[Production Time Hours]],"") -> 6.8010076 | L7: 10.66 | M7: 23.25 | N7: 440.42 | O7: 2 | R7: 0.89 | S7: 0.047 | U7: 2 | V7: 20.6 | W7: 56.9
A8: 6 | B8: 43837 | C8: January | D8: Furniture | E8: 20 | F8: Swing | G8: 78 | H8: 8 | I8: =IFERROR(Table2[[#This Row],[Defects]]/Table2[[#This Row],[Units Produced]],"") -> 0.1025641 | J8: 22.98 | K8: =IFERROR(Table2[[#This Row],[Units Produced]]/Table2[[#This Row],[Production Time Hours]],"") -> 3.3942559 | L8: 37.66 | M8: 26.62 | N8: 367.89 | O8: 2 | P8: 2.51 | Q8: 2.83 | R8: 0.82 | S8: 0.036 | T8: 0.86 | U8: 2 | V8: 23.1 | W8: 45.9
A9: 7 | B9: 43838 | C9: January | D9: Textiles | E9: 7 | F9: Night | G9: 151 | H9: 5 | I9: =IFERROR(Table2[[#This Row],[Defects]]/Table2[[#This Row],[Units Produced]],"") -> 0.033112583 | J9: 23.16 | K9: =IFERROR(Table2[[#This Row],[Units Produced]]/Table2[[#This Row],[Production Time Hours]],"") -> 6.5198618 | L9: 30.99 | M9: 27.86 | N9: 197.62 | O9: 3 | P9: 2.1 | Q9: 2.39 | R9: 0.56 | S9: 0.039 | T9: 0.35 | U9: 1 | V9: 23.6 | W9: 59.2
A10: 8 | B10: 43839 | C10: January | D10: Electronics | E10: 16 | F10: Night | G10: 72 | H10: 9 | I10: =IFERROR(Table2[[#This Row],[Defects]]/Table2[[#This Row],[Units Produced]],"") -> 0.125 | J10: 15.63 | K10: =IFERROR(Table2[[#This Row],[Units Produced]]/Table2[[#This Row],[Production Time Hours]],"") -> 4.6065259 | L10: 16.92 | M10: 28.3 | N10: 467.34 | O10: 2 | P10: 0.38 | Q10: 0.82 | R10: 2.02 | S10: 0.041 | T10: 0.59 | U10: 0 | V10: 20.4 | W10: 48.3
A11: 9 | B11: 43840 | C11: January | D11: Textiles | E11: 7 | F11: Night | G11: 189 | H11: 7 | I11: =IFERROR(Table2[[#This Row],[Defects]]/Table2[[#This Row],[Units Produced]],"") -> 0.037037037 | J11: 18.15 | K11: =IFERROR(Table2[[#This Row],[Units Produced]]/Table2[[#This Row],[Production Time Hours]],"") -> 10.413223 | L11: 33.47 | M11: 23.33 | N11: 411.71 | O11: 1 | P11: 0.62 | Q11: 2.03 | R11: 2.32 | S11: 0.042 | T11: 0.24 | U11: 0 | V11: 18.7 | W11: 49.4
A12: 10 | B12: 43841 | C12: January | D12: Textiles | E12: 8 | F12: Day | G12: 124 | H12: 2 | I12: =IFERROR(Table2[[#This Row],[Defects]]/Table2[[#This Row],[Units Produced]],"") -> 0.016129032 | J12: 21.26 | K12: =IFERROR(Table2[[#This Row],[Units Produced]]/Table2[[#This Row],[Production Time Hours]],"") -> 5.8325494 | L12: 14.22 | M12: 18.58 | N12: 456.52 | O12: 4 | P12: 0.56 | Q12: 2.3 | R12: 1.48 | S12: 0.04 | T12: 1.36 | U12: 0 | V12: 20 | W12: 31.7
A13: 11 | B13: 43842 | C13: January | D13: Automotive | E13: 1 | F13: Day | G13: 188 | H13: 8 | I13: =IFERROR(Table2[[#This Row],[Defects]]/Table2[[#This Row],[Units Produced]],"") -> 0.042553191 | J13: 3.46 | K13: =IFERROR(Table2[[#This Row],[Units Produced]]/Table2[[#This Row],[Production Time Hours]],"") -> 54.33526 | L13: 29.45 | M13: 18.05 | N13: 245.14 | O13: 1 | P13: 3.2 | Q13: 1.95 | R13: 1.06 | S13: 0.021 | U13: 0 | V13: 23.5 | W13: 34.4
A14: 12 | B14: 43843 | C14: January | D14: Textiles | E14: 5 | F14: Swing | G14: 172 | H14: 8 | I14: =IFERROR(Table2[[#This Row],[Defects]]/Table2[[#This Row],[Units Produced]],"") -> 0.046511628 | J14: 14 | K14: =IFERROR(Table2[[#This Row],[Units Produced]]/Table2[[#This Row],[Production Time Hours]],"") -> 12.285714 | L14: 17.66 | M14: 21.72 | N14: 281.45 | O14: 3 | P14: 2.66 | Q14: 2.69 | R14: 2.35 | S14: 0.036 | T14: 0.89 | U14: 0 | V14: 24.4 | W14: 51.4
A15: 13 | B15: 43844 | C15: January | D15: Textiles | E15: 5 | F15: Day | G15: 70 | H15: 6 | I15: =IFERROR(Table2[[#This Row],[Defects]]/Table2[[#This Row],[Units Produced]],"") -> 0.085714286 | J15: 20.86 | K15: =IFERROR(Table2[[#This Row],[Units Produced]]/Table2[[#This Row],[Production Time Hours]],"") -> 3.3557047 | L15: 10.42 | M15: 24.44 | N15: 215.36 | O15: 1 | P15: 4.93 | Q15: 0.7 | R15: 0.9 | S15: 0.034 | U15: 2 | V15: 20.1 | W15: 47.9
A16: 14 | B16: 43845 | C16: January | D16: Furniture | E16: 17 | F16: Night | G16: 55 | H16: 1 | I16: =IFERROR(Table2[[#This Row],[Defects]]/Table2[[#This Row],[Units Produced]],"") -> 0.018181818 | J16: 22 | K16: =IFERROR(Table2[[#This Row],[Units Produced]]/Table2[[#This Row],[Production Time Hours]],"") -> 2.5 | L16: 24.82 | M16: 27.92 | N16: 234.33 | O16: 4 | P16: 2.17 | R16: 1.35 | S16: 0.047 | T16: 1.31 | U16: 2 | V16: 24.6 | W16: 59.1
A17: 15 | B17: 43846 | C17: January | D17: Automotive | E17: 3 | F17: Night | G17: 136 | H17: 6 | I17: =IFERROR(Table2[[#This Row],[Defects]]/Table2[[#This Row],[Units Produced]],"") -> 0.044117647 | J17: 23.99 | K17: =IFERROR(Table2[[#This Row],[Units Produced]]/Table2[[#This Row],[Production Time Hours]],"") -> 5.6690288 | L17: 24.74 | M17: 22.55 | N17: 204.39 | O17: 4 | P17: 0.8 | R17: 2.31 | S17: 0.04 | U17: 0 | V17: 21.4 | W17: 41.2
A18: 16 | B18: 43847 | C18: January | D18: Furniture | E18: 20 | F18: Swing | G18: 152 | H18: 4 | I18: =IFERROR(Table2[[#This Row],[Defects]]/Table2[[#This Row],[Units Produced]],"") -> 0.026315789 | J18: 17.86 | K18: =IFERROR(Table2[[#This Row],[Units Produced]]/Table2[[#This Row],[Production Time Hours]],"") -> 8.5106383 | L18: 30.65 | M18: 25.52 | N18: 390.9 | O18: 1 | P18: 1.41 | Q18: 2.9 | R18: 2.48 | S18: 0.032 | T18: 0.36 | U18: 2 | V18: 25 | W18: 54.6
A19: 17 | B19: 43848 | C19: January | D19: Electronics | E19: 13 | F19: Swing | G19: 120 | H19: 5 | I19: =IFERROR(Table2[[#This Row],[Defects]]/Table2[[#This Row],[Units Produced]],"") -> 0.041666667 | J19: 5.81 | K19: =IFERROR(Table2[[#This Row],[Units Produced]]/Table2[[#This Row],[Production Time Hours]],"") -> 20.654045 | L19: 48.47 | M19: 25.35 | N19: 251.57 | O19: 1 | P19: 4.01 | Q19: 2.05 | R19: 1.03 | S19: 0.047 | T19: 1.4 | U19: 2 | V19: 22.2 | W19: 52
A20: 18 | B20: 43849 | C20: January | D20: Appliances | E20: 10 | F20: Day | G20: 158 | H20: 8 | I20: =IFERROR(Table2[[#This Row],[Defects]]/Table2[[#This Row],[Units Produced]],"") -> 0.050632911 | J20: 15.59 | K20: =IFERROR(Table2[[#This Row],[Units Produced]]/Table2[[#This Row],[Production Time Hours]],"") -> 10.134702 | L20: 13.18 | M20: 16.77 | N20: 392.66 | O20: 2 | P20: 4.12 | Q20: 1.3 | R20: 2.4 | S20: 0.044 | T20: 0.93 | U20: 2 | V20: 19.1 | W20: 35.6
A21: 19 | B21: 43850 | C21: January | D21: Textiles | E21: 8 | F21: Swing | G21: 85 | H21: 2 | I21: =IFERROR(Table2[[#This Row],[Defects]]/Table2[[#This Row],[Units Produced]],"") -> 0.023529412 | J21: 23.76 | K21: =IFERROR(Table2[[#This Row],[Units Produced]]/Table2[[#This Row],[Production Time Hours]],"") -> 3.5774411 | L21: 18.96 | M21: 27.23 | N21: 369.77 | O21: 4 | P21: 0.59 | Q21: 0.35 | R21: 1.46 | S21: 0.022 | T21: 1.39 | U21: 0 | V21: 23.2 | W21: 35.6
A22: 20 | B22: 43851 | C22: January | D22: Automotive | E22: 4 | F22: Night | G22: 64 | H22: 2 | I22: =IFERROR(Table2[[#This Row],[Defects]]/Table2[[#This Row],[Units Produced]],"") -> 0.03125 | J22: 14.51 | K22: =IFERROR(Table2[[#This Row],[Units Produced]]/Table2[[#This Row],[Production Time Hours]],"") -> 4.4107512 | L22: 28.02 | M22: 21.45 | N22: 322.07 | O22: 1 | P22: 4.93 | Q22: 1.91 | R22: 1.77 | S22: 0.047 | T22: 0.9 | U22: 1 | V22: 20.4 | W22: 35.3
A23: 21 | B23: 43852 | C23: January | D23: Appliances | E23: 10 | F23: Swing | G23: 58 | H23: 2 | I23: =IFERROR(Table2[[#This Row],[Defects]]/Table2[[#This Row],[Units Produced]],"") -> 0.034482759 | J23: 9.87 | K23: =IFERROR(Table2[[#This Row],[Units Produced]]/Table2[[#This Row],[Production Time Hours]],"") -> 5.8763931 | L23: 23.97 | M23: 15.85 | N23: 368.7 | O23: 1 | P23: 1.76 | Q23: 2.87 | R23: 2.02 | S23: 0.029 | T23: 0.33 | U23: 1 | V23: 22.1 | W23: 41.3
A24: 22 | B24: 43853 | C24: January | D24: Textiles | E24: 8 | F24: Day | G24: 96 | H24: 8 | I24: =IFERROR(Table2[[#This Row],[Defects]]/Table2[[#This Row],[Units Produced]],"") -> 0.083333333 | J24: 7.24 | K24: =IFERROR(Table2[[#This Row],[Units Produced]]/Table2[[#This Row],[Production Time Hours]],"") -> 13.259669 | L24: 32.58 | M24: 23.54 | N24: 321.45 | O24: 3 | P24: 1.79 | Q24: 1 | R24: 1.24 | S24: 0.021 | T24: 1.18 | U24: 1 | V24: 19.8 | W24: 34.2
A25: 23 | B25: 43854 | C25: January | D25: Textiles | E25: 6 | F25: Day | G25: 135 | H25: 2 | I25: =IFERROR(Table2[[#This Row],[Defects]]/Table2[[#This Row],[Units Produced]],"") -> 0.014814815 | J25: 9.03 | K25: =IFERROR(Table2[[#This Row],[Units Produced]]/Table2[[#This Row],[Production Time Hours]],"") -> 14.950166 | L25: 42.16 | M25: 28.61 | N25: 387.81 | O25: 3 | P25: 1.42 | Q25: 1.97 | R25: 2.17 | S25: 0.017 | T25: 1.77 | U25: 0 | V25: 23.1 | W25: 56
A26: 24 | B26: 43855 | C26: January | D26: Appliances | E26: 9 | F26: Night | G26: 188 | H26: 5 | I26: =IFERROR(Table2[[#This Row],[Defects]]/Table2[[#This Row],[Units Produced]],"") -> 0.026595745 | J26: 17.93 | K26: =IFERROR(Table2[[#This Row],[Units Produced]]/Table2[[#This Row],[Production Time Hours]],"") -> 10.48522 | L26: 26.73 | M26: 26.39 | N26: 230.6 | O26: 2 | P26: 3.84 | Q26: 2.36 | R26: 2.35 | S26: 0.037 | T26: 1.58 | U26: 0 | V26: 18.6 | W26: 50.1
A27: 25 | B27: 43856 | C27: January | D27: Electronics | E27: 14 | F27: Swing | G27: 66 | H27: 3 | I27: =IFERROR(Table2[[#This Row],[Defects]]/Table2[[#This Row],[Units Produced]],"") -> 0.045454545 | J27: 5.84 | K27: =IFERROR(Table2[[#This Row],[Units Produced]]/Table2[[#This Row],[Production Time Hours]],"") -> 11.30137 | L27: 22.37 | M27: 16.8 | N27: 412.53 | O27: 1 | Q27: 2.63 | R27: 2.02 | S27: 0.036 | U27: 2 | V27: 21.9 | W27: 54.6
A28: 26 | B28: 43857 | C28: January | D28: Furniture | E28: 19 | F28: Swing | G28: 122 | H28: 9 | I28: =IFERROR(Table2[[#This Row],[Defects]]/Table2[[#This Row],[Units Produced]],"") -> 0.073770492 | J28: 15.74 | K28: =IFERROR(Table2[[#This Row],[Units Produced]]/Table2[[#This Row],[Production Time Hours]],"") -> 7.750953 | L28: 19.12 | M28: 27 | N28: 219.41 | O28: 1 | P28: 3.57 | Q28: 2.3 | R28: 0.73 | S28: 0.034 | T28: 1.69 | U28: 1 | V28: 18.7 | W28: 31.6
A29: 27 | B29: 43858 | C29: January | D29: Furniture | E29: 19 | F29: Day | G29: 83 | H29: 4 | I29: =IFERROR(Table2[[#This Row],[Defects]]/Table2[[#This Row],[Units Produced]],"") -> 0.048192771 | J29: 15.42 | K29: =IFERROR(Table2[[#This Row],[Units Produced]]/Table2[[#This Row],[Production Time Hours]],"") -> 5.38262 | L29: 41.52 | M29: 15.68 | N29: 491.62 | O29: 1 | P29: 0.47 | Q29: 1.24 | R29: 0.61 | S29: 0.043 | T29: 0.07 | U29: 1 | V29: 24.4 | W29: 51.7
A30: 28 | B30: 43859 | C30: January | D30: Appliances | E30: 12 | F30: Swing | G30: 95 | H30: 3 | I30: =IFERROR(Table2[[#This Row],[Defects]]/Table2[[#This Row],[Units Produced]],"") -> 0.031578947 | J30: 7.07 | K30: =IFERROR(Table2[[#This Row],[Units Produced]]/Table2[[#This Row],[Production Time Hours]],"") -> 13.437058 | L30: 13.7 | M30: 23.63 | N30: 254.49 | O30: 2 | P30: 3.86 | R30: 1.1 | S30: 0.049 | T30: 1.54 | U30: 0 | V30: 19.1 | W30: 42.3
A31: 29 | B31: 43860 | C31: January | D31: Automotive | E31: 3 | F31: Swing | G31: 132 | H31: 2 | I31: =IFERROR(Table2[[#This Row],[Defects]]/Table2[[#This Row],[Units Produced]],"") -> 0.015151515 | J31: 12.6 | K31: =IFERROR(Table2[[#This Row],[Units Produced]]/Table2[[#This Row],[Production Time Hours]],"") -> 10.47619 | L31: 29.43 | M31: 16.73 | N31: 105.2 | O31: 1 | P31: 3.89 | Q31: 1.77 | R31: 2.05 | S31: 0.015 | T31: 1.4 | U31: 1 | V31: 20.6 | W31: 53
A32: 30 | B32: 43861 | C32: January | D32: Electronics | E32: 15 | F32: Swing | G32: 143 | H32: 6 | I32: =IFERROR(Table2[[#This Row],[Defects]]/Table2[[#This Row],[Units Produced]],"") -> 0.041958042 | J32: 20.93 | K32: =IFERROR(Table2[[#This Row],[Units Produced]]/Table2[[#This Row],[Production Time Hours]],"") -> 6.8322981 | L32: 24.93 | M32: 24.03 | N32: 286.19 | O32: 3 | P32: 3.25 | Q32: 1.66 | R32: 2.22 | S32: 0.043 | U32: 1 | V32: 19.7 | W32: 49
A33: 31 | B33: 43862 | C33: February | D33: Electronics | E33: 14 | F33: Night | G33: 79 | H33: 9 | I33: =IFERROR(Table2[[#This Row],[Defects]]/Table2[[#This Row],[Units Produced]],"") -> 0.11392405 | J33: 19.29 | K33: =IFERROR(Table2[[#This Row],[Units Produced]]/Table2[[#This Row],[Production Time Hours]],"") -> 4.0953862 | L33: 35.31 | M33: 17.29 | N33: 482.31 | O33: 4 | P33: 0.96 | Q33: 1.27 | R33: 1.32 | S33: 0.039 | T33: 0.28 | U33: 1 | V33: 23 | W33: 39.6
A34: 32 | B34: 43863 | C34: February | D34: Appliances | E34: 11 | F34: Swing | G34: 189 | H34: 7 | I34: =IFERROR(Table2[[#This Row],[Defects]]/Table2[[#This Row],[Units Produced]],"") -> 0.037037037 | J34: 14.48 | K34: =IFERROR(Table2[[#This Row],[Units Produced]]/Table2[[#This Row],[Production Time Hours]],"") -> 13.052486 | L34: 60 | M34: 28.41 | N34: 353.47 | O34: 4 | P34: 2.5 | Q34: 1.9 | R34: 0.75 | S34: 0.028 | T34: 0.02 | U34: 0 | V34: 18.5 | W34: 58.4
A35: 33 | B35: 43864 | C35: February | D35: Appliances | E35: 12 | F35: Day | G35: 149 | H35: 0 | I35: =IFERROR(Table2[[#This Row],[Defects]]/Table2[[#This Row],[Units Produced]],"") -> 0 | J35: 16.35 | K35: =IFERROR(Table2[[#This Row],[Units Produced]]/Table2[[#This Row],[Production Time Hours]],"") -> 9.1131498 | L35: 23.87 | M35: 24.78 | N35: 140.89 | O35: 4 | P35: 0.16 | Q35: 0.13 | R35: 1.99 | S35: 0.024 | U35: 0 | V35: 19.4 | W35: 45.1
A36: 34 | B36: 43865 | C36: February | D36: Furniture | E36: 17 | F36: Swing | G36: 56 | H36: 4 | I36: =IFERROR(Table2[[#This Row],[Defects]]/Table2[[#This Row],[Units Produced]],"") -> 0.071428571 | J36: 1.81 | K36: =IFERROR(Table2[[#This Row],[Units Produced]]/Table2[[#This Row],[Production Time Hours]],"") -> 30.939227 | L36: 14.23 | M36: 21.59 | N36: 143.2 | O36: 4 | P36: 1.28 | Q36: 2.73 | R36: 2.18 | S36: 0.035 | T36: 0.62 | U36: 0 | V36: 22.5 | W36: 43.2
A37: 35 | B37: 43866 | C37: February | D37: Automotive | E37: 3 | F37: Night | G37: 167 | H37: 9 | I37: =IFERROR(Table2[[#This Row],[Defects]]/Table2[[#This Row],[Units Produced]],"") -> 0.053892216 | J37: 3.05 | K37: =IFERROR(Table2[[#This Row],[Units Produced]]/Table2[[#This Row],[Production Time Hours]],"") -> 54.754098 | L37: 15.45 | M37: 28.61 | N37: 279.58 | O37: 2 | P37: 3.36 | Q37: 0.91 | R37: 0.72 | S37: 0.039 | T37: 1.18 | U37: 0 | V37: 19.6 | W37: 47.3
A38: 36 | B38: 43867 | C38: February | D38: Furniture | E38: 19 | F38: Day | G38: 115 | H38: 6 | I38: =IFERROR(Table2[[#This Row],[Defects]]/Table2[[#This Row],[Units Produced]],"") -> 0.052173913 | J38: 9.62 | K38: =IFERROR(Table2[[#This Row],[Units Produced]]/Table2[[#This Row],[Production Time Hours]],"") -> 11.954262 | L38: 37.25 | M38: 17.59 | N38: 190.21 | O38: 3 | P38: 1.81 | Q38: 0.37 | R38: 1.35 | S38: 0.03 | T38: 0.66 | U38: 0 | V38: 22.9 | W38: 42.1
A39: 37 | B39: 43868 | C39: February | D39: Appliances | E39: 12 | F39: Day | G39: 198 | H39: 1 | I39: =IFERROR(Table2[[#This Row],[Defects]]/Table2[[#This Row],[Units Produced]],"") -> 0.0050505051 | J39: 9.82 | K39: =IFERROR(Table2[[#This Row],[Units Produced]]/Table2[[#This Row],[Production Time Hours]],"") -> 20.162933 | L39: 29.72 | M39: 28.17 | N39: 341.84 | O39: 3 | P39: 0.8 | Q39: 0.59 | R39: 1.78 | S39: 0.02 | U39: 1 | V39: 19.2 | W39: 31.3
A40: 38 | B40: 43869 | C40: February | D40: Appliances | E40: 9 | F40: Night | G40: 140 | H40: 5 | I40: =IFERROR(Table2[[#This Row],[Defects]]/Table2[[#This Row],[Units Produced]],"") -> 0.035714286 | J40: 7.85 | K40: =IFERROR(Table2[[#This Row],[Units Produced]]/Table2[[#This Row],[Production Time Hours]],"") -> 17.834395 | L40: 41.54 | M40: 16.7 | N40: 473.59 | O40: 1 | P40: 0.54 | Q40: 1.79 | R40: 2.01 | S40: 0.039 | T40: 1.91 | U40: 0 | V40: 22.6 | W40: 51.2
A41: 39 | B41: 43870 | C41: February | D41: Electronics | E41: 14 | F41: Night | G41: 50 | H41: 2 | I41: =IFERROR(Table2[[#This Row],[Defects]]/Table2[[#This Row],[Units Produced]],"") -> 0.04 | J41: 15.96 | K41: =IFERROR(Table2[[#This Row],[Units Produced]]/Table2[[#This Row],[Production Time Hours]],"") -> 3.1328321 | L41: 47.01 | M41: 26.58 | N41: 486.39 | O41: 4 | Q41: 2.33 | R41: 2.4 | S41: 0.015 | T41: 1.31 | U41: 2 | V41: 21.3 | W41: 48
A42: 40 | B42: 43871 | C42: February | D42: Automotive | E42: 4 | F42: Swing | G42: 127 | H42: 0 | I42: =IFERROR(Table2[[#This Row],[Defects]]/Table2[[#This Row],[Units Produced]],"") -> 0 | J42: 14.96 | K42: =IFERROR(Table2[[#This Row],[Units Produced]]/Table2[[#This Row],[Production Time Hours]],"") -> 8.4893048 | L42: 36.99 | M42: 17.14 | N42: 468.49 | O42: 1 | P42: 1.41 | Q42: 0.47 | R42: 0.9 | S42: 0.018 | T42: 0.65 | U42: 2 | V42: 18.2 | W42: 41.5
A43: 41 | B43: 43872 | C43: February | D43: Appliances | E43: 9 | F43: Night | G43: 98 | H43: 9 | I43: =IFERROR(Table2[[#This Row],[Defects]]/Table2[[#This Row],[Units Produced]],"") -> 0.091836735 | J43: 16.74 | K43: =IFERROR(Table2[[#This Row],[Units Produced]]/Table2[[#This Row],[Production Time Hours]],"") -> 5.8542413 | L43: 46.48 | M43: 17.31 | N43: 218.47 | O43: 4 | P43: 4.82 | Q43: 2.04 | R43: 2.32 | S43: 0.034 | T43: 1.16 | U43: 1 | V43: 22.3 | W43: 46.6
A44: 42 | B44: 43873 | C44: February | D44: Electronics | E44: 13 | F44: Night | G44: 136 | H44: 0 | I44: =IFERROR(Table2[[#This Row],[Defects]]/Table2[[#This Row],[Units Produced]],"") -> 0 | J44: 6.31 | K44: =IFERROR(Table2[[#This Row],[Units Produced]]/Table2[[#This Row],[Production Time Hours]],"") -> 21.55309 | L44: 11.1 | M44: 27.92 | N44: 490.66 | O44: 1 | P44: 3.69 | Q44: 0.45 | R44: 2.2 | S44: 0.028 | T44: 1.1 | U44: 0 | V44: 21.6 | W44: 38.6
A45: 43 | B45: 43874 | C45: February | D45: Furniture | E45: 19 | F45: Swing | G45: 101 | H45: 9 | I45: =IFERROR(Table2[[#This Row],[Defects]]/Table2[[#This Row],[Units Produced]],"") -> 0.089108911 | J45: 1.06 | K45: =IFERROR(Table2[[#This Row],[Units Produced]]/Table2[[#This Row],[Production Time Hours]],"") -> 95.283019 | L45: 31.5 | M45: 21.72 | N45: 223.19 | O45: 4 | P45: 1.77 | R45: 1.51 | S45: 0.034 | T45: 1.61 | U45: 2 | V45: 20.2 | W45: 45.2
A46: 44 | B46: 43875 | C46: February | D46: Furniture | E46: 18 | F46: Day | G46: 117 | I46: =IFERROR(Table2[[#This Row],[Defects]]/Table2[[#This Row],[Units Produced]],"") -> 0 | J46: 23.25 | K46: =IFERROR(Table2[[#This Row],[Units Produced]]/Table2[[#This Row],[Production Time Hours]],"") -> 5.0322581 | L46: 20.68 | M46: 18.82 | N46: 350.41 | O46: 2 | P46: 1.72 | Q46: 2.07 | R46: 1.68 | S46: 0.042 | T46: 1.5 | U46: 2 | V46: 23.6 | W46: 55.2
A47: 45 | B47: 43876 | C47: February | D47: Electronics | E47: 14 | F47: Swing | G47: 110 | H47: 9 | I47: =IFERROR(Table2[[#This Row],[Defects]]/Table2[[#This Row],[Units Produced]],"") -> 0.081818182 | J47: 18.77 | K47: =IFERROR(Table2[[#This Row],[Units Produced]]/Table2[[#This Row],[Production Time Hours]],"") -> 5.8604156 | L47: 17.87 | M47: 24.88 | N47: 456.22 | O47: 3 | P47: 0.71 | Q47: 2.58 | R47: 1.9 | S47: 0.042 | T47: 0.42 | U47: 0 | V47: 21 | W47: 33
A48: 46 | B48: 43877 | C48: February | D48: Textiles | E48: 8 | F48: Night | G48: 187 | H48: 8 | I48: =IFERROR(Table2[[#This Row],[Defects]]/Table2[[#This Row],[Units Produced]],"") -> 0.042780749 | J48: 11.51 | K48: =IFERROR(Table2[[#This Row],[Units Produced]]/Table2[[#This Row],[Production Time Hours]],"") -> 16.246742 | L48: 21.21 | M48: 27.92 | N48: 363.48 | O48: 3 | P48: 3.58 | Q48: 2 | R48: 2.29 | S48: 0.033 | T48: 0.99 | U48: 2 | V48: 21.8 | W48: 46.5
A49: 47 | B49: 43878 | C49: February | D49: Furniture | E49: 20 | F49: Night | G49: 59 | H49: 9 | I49: =IFERROR(Table2[[#This Row],[Defects]]/Table2[[#This Row],[Units Produced]],"") -> 0.15254237 | J49: 2.01 | K49: =IFERROR(Table2[[#This Row],[Units Produced]]/Table2[[#This Row],[Production Time Hours]],"") -> 29.353234 | L49: 42.78 | M49: 21.23 | N49: 498.63 | O49: 4 | P49: 2.47 | R49: 1.61 | S49: 0.045 | T49: 0.72 | U49: 1 | V49: 24.7 | W49: 54.6
A50: 48 | B50: 43879 | C50: February | D50: Textiles | E50: 7 | F50: Day | G50: 135 | I50: =IFERROR(Table2[[#This Row],[Defects]]/Table2[[#This Row],[Units Produced]],"") -> 0 | J50: 5.58 | K50: =IFERROR(Table2[[#This Row],[Units Produced]]/Table2[[#This Row],[Production Time Hours]],"") -> 24.193548 | L50: 35.2 | M50: 19.29 | N50: 239.71 | O50: 2 | P50: 4.12 | Q50: 2.53 | R50: 0.94 | S50: 0.023 | T50: 0.4 | U50: 2 | V50: 22.7 | W50: 55.5
A51: 49 | B51: 43880 | C51: February | D51: Electronics | E51: 15 | F51: Day | G51: 100 | H51: 7 | I51: =IFERROR(Table2[[#This Row],[Defects]]/Table2[[#This Row],[Units Produced]],"") -> 0.07 | J51: 2.22 | K51: =IFERROR(Table2[[#This Row],[Units Produced]]/Table2[[#This Row],[Production Time Hours]],"") -> 45.045045 | L51: 41.08 | M51: 19.15 | N51: 147.78 | O51: 3 | P51: 1.38 | Q51: 1.96 | R51: 1.35 | S51: 0.031 | T51: 1.65 | U51: 0 | V51: 18.3 | W51: 30
A52: 50 | B52: 43881 | C52: February | D52: Automotive | E52: 3 | F52: Swing | G52: 126 | H52: 3 | I52: =IFERROR(Table2[[#This Row],[Defects]]/Table2[[#This Row],[Units Produced]],"") -> 0.023809524 | J52: 11.98 | K52: =IFERROR(Table2[[#This Row],[Units Produced]]/Table2[[#This Row],[Production Time Hours]],"") -> 10.517529 | L52: 29.99 | M52: 25.24 | N52: 188.12 | O52: 3 | P52: 1.7 | Q52: 0.63 | R52: 1.16 | S52: 0.036 | T52: 0.09 | U52: 2 | V52: 23.8 | W52: 40.2
A53: 51 | B53: 43882 | C53: February | D53: Appliances | E53: 9 | F53: Day | G53: 88 | I53: =IFERROR(Table2[[#This Row],[Defects]]/Table2[[#This Row],[Units Produced]],"") -> 0 | J53: 5.99 | K53: =IFERROR(Table2[[#This Row],[Units Produced]]/Table2[[#This Row],[Production Time Hours]],"") -> 14.691152 | L53: 20.69 | M53: 25.6 | N53: 173.65 | O53: 1 | P53: 2.39 | Q53: 2.82 | R53: 2.4 | S53: 0.028 | T53: 0.46 | U53: 1 | V53: 19.2 | W53: 48.9
A54: 52 | B54: 43883 | C54: February | D54: Furniture | E54: 18 | F54: Day | G54: 143 | H54: 4 | I54: =IFERROR(Table2[[#This Row],[Defects]]/Table2[[#This Row],[Units Produced]],"") -> 0.027972028 | J54: 13.39 | K54: =IFERROR(Table2[[#This Row],[Units Produced]]/Table2[[#This Row],[Production Time Hours]],"") -> 10.679612 | L54: 28.73 | M54: 28.7 | N54: 461.44 | O54: 1 | P54: 3.53 | Q54: 2.64 | R54: 0.7 | S54: 0.047 | T54: 1.69 | U54: 2 | V54: 22.7 | W54: 46.7
A55: 53 | B55: 43884 | C55: February | D55: Appliances | E55: 11 | F55: Night | G55: 62 | H55: 2 | I55: =IFERROR(Table2[[#This Row],[Defects]]/Table2[[#This Row],[Units Produced]],"") -> 0.032258065 | J55: 2.43 | K55: =IFERROR(Table2[[#This Row],[Units Produced]]/Table2[[#This Row],[Production Time Hours]],"") -> 25.514403 | L55: 18.59 | M55: 15.32 | N55: 286.34 | O55: 1 | P55: 4.31 | Q55: 1.27 | R55: 1.43 | S55: 0.049 | U55: 1 | V55: 24 | W55: 45.8
A56: 54 | B56: 43885 | C56: February | D56: Textiles | E56: 5 | F56: Day | G56: 91 | H56: 3 | I56: =IFERROR(Table2[[#This Row],[Defects]]/Table2[[#This Row],[Units Produced]],"") -> 0.032967033 | J56: 17.35 | K56: =IFERROR(Table2[[#This Row],[Units Produced]]/Table2[[#This Row],[Production Time Hours]],"") -> 5.2449568 | L56: 49.66 | M56: 17.06 | N56: 306.31 | O56: 1 | P56: 4.77 | Q56: 1.77 | R56: 2.48 | S56: 0.01 | T56: 0.87 | U56: 2 | V56: 24.2 | W56: 31.1
A57: 55 | B57: 43886 | C57: February | D57: Furniture | E57: 19 | F57: Swing | G57: 75 | H57: 9 | I57: =IFERROR(Table2[[#This Row],[Defects]]/Table2[[#This Row],[Units Produced]],"") -> 0.12 | J57: 3.32 | K57: =IFERROR(Table2[[#This Row],[Units Produced]]/Table2[[#This Row],[Production Time Hours]],"") -> 22.590361 | L57: 40.92 | M57: 23.84 | N57: 169.19 | O57: 1 | P57: 0.24 | Q57: 2.01 | R57: 1.51 | S57: 0.043 | T57: 0.47 | U57: 2 | V57: 19.1 | W57: 41
A58: 56 | B58: 43887 | C58: February | D58: Automotive | E58: 4 | F58: Swing | G58: 108 | H58: 4 | I58: =IFERROR(Table2[[#This Row],[Defects]]/Table2[[#This Row],[Units Produced]],"") -> 0.037037037 | J58: 8.12 | K58: =IFERROR(Table2[[#This Row],[Units Produced]]/Table2[[#This Row],[Production Time Hours]],"") -> 13.300493 | L58: 12.5 | M58: 19.41 | N58: 185.71 | O58: 3 | P58: 4.23 | Q58: 2.53 | R58: 1.37 | S58: 0.05 | T58: 0.68 | U58: 2 | V58: 21.3 | W58: 48.3
A59: 57 | B59: 43888 | C59: February | D59: Automotive | E59: 3 | F59: Night | G59: 152 | I59: =IFERROR(Table2[[#This Row],[Defects]]/Table2[[#This Row],[Units Produced]],"") -> 0 | J59: 15.84 | K59: =IFERROR(Table2[[#This Row],[Units Produced]]/Table2[[#This Row],[Production Time Hours]],"") -> 9.5959596 | L59: 49.92 | M59: 21.75 | N59: 419.84 | O59: 2 | P59: 0.63 | Q59: 1.07 | R59: 1.83 | S59: 0.045 | T59: 1.44 | U59: 0 | V59: 21.1 | W59: 38.9
A60: 58 | B60: 43889 | C60: February | D60: Automotive | E60: 1 | F60: Night | G60: 76 | H60: 9 | I60: =IFERROR(Table2[[#This Row],[Defects]]/Table2[[#This Row],[Units Produced]],"") -> 0.11842105 | J60: 3.47 | K60: =IFERROR(Table2[[#This Row],[Units Produced]]/Table2[[#This Row],[Production Time Hours]],"") -> 21.902017 | L60: 15.99 | M60: 28.91 | N60: 373.15 | O60: 3 | P60: 4.91 | Q60: 2.03 | R60: 0.95 | S60: 0.045 | T60: 1.43 | U60: 0 | V60: 21.3 | W60: 36.2
A61: 59 | B61: 43890 | C61: February | D61: Automotive | E61: 4 | F61: Night | G61: 106 | H61: 4 | I61: =IFERROR(Table2[[#This Row],[Defects]]/Table2[[#This Row],[Units Produced]],"") -> 0.037735849 | J61: 23.51 | K61: =IFERROR(Table2[[#This Row],[Units Produced]]/Table2[[#This Row],[Production Time Hours]],"") -> 4.5087197 | L61: 36.33 | M61: 16.45 | N61: 231.71 | O61: 2 | P61: 0.22 | Q61: 2.13 | R61: 2.19 | S61: 0.045 | T61: 0.65 | U61: 0 | V61: 18.8 | W61: 54.7
A62: 61 | B62: 43891 | C62: March | D62: Appliances | E62: 11 | F62: Night | G62: 181 | H62: 3 | I62: =IFERROR(Table2[[#This Row],[Defects]]/Table2[[#This Row],[Units Produced]],"") -> 0.016574586 | J62: 5.4 | K62: =IFERROR(Table2[[#This Row],[Units Produced]]/Table2[[#This Row],[Production Time Hours]],"") -> 33.518519 | L62: 25.17 | M62: 24.72 | N62: 418.19 | O62: 4 | P62: 1.56 | Q62: 1.11 | R62: 1.45 | S62: 0.013 | U62: 1 | V62: 22.8 | W62: 49.6
A63: 62 | B63: 43892 | C63: March | D63: Appliances | E63: 10 | F63: Night | G63: 101 | H63: 3 | I63: =IFERROR(Table2[[#This Row],[Defects]]/Table2[[#This Row],[Units Produced]],"") -> 0.02970297 | J63: 1.83 | K63: =IFERROR(Table2[[#This Row],[Units Produced]]/Table2[[#This Row],[Production Time Hours]],"") -> 55.191257 | L63: 31.75 | M63: 27.06 | N63: 121.48 | O63: 3 | Q63: 1.27 | R63: 1.33 | S63: 0.017 | T63: 1.49 | U63: 1 | V63: 22.2 | W63: 57
A64: 63 | B64: 43893 | C64: March | D64: Textiles | E64: 5 | F64: Day | G64: 148 | H64: 8 | I64: =IFERROR(Table2[[#This Row],[Defects]]/Table2[[#This Row],[Units Produced]],"") -> 0.054054054 | J64: 16.38 | K64: =IFERROR(Table2[[#This Row],[Units Produced]]/Table2[[#This Row],[Production Time Hours]],"") -> 9.035409 | L64: 38.57 | M64: 16.81 | N64: 128.27 | O64: 4 | P64: 1.24 | Q64: 1.27 | R64: 1.35 | S64: 0.024 | U64: 0 | V64: 23.5 | W64: 53
A65: 64 | B65: 43894 | C65: March | D65: Appliances | E65: 11 | F65: Swing | G65: 88 | I65: =IFERROR(Table2[[#This Row],[Defects]]/Table2[[#This Row],[Units Produced]],"") -> 0 | J65: 9.78 | K65: =IFERROR(Table2[[#This Row],[Units Produced]]/Table2[[#This Row],[Production Time Hours]],"") -> 8.997955 | L65: 22.09 | M65: 24.7 | N65: 135.4 | O65: 2 | P65: 4.28 | Q65: 1.22 | R65: 1.87 | S65: 0.018 | T65: 1.5 | U65: 0 | V65: 24.5 | W65: 32.2
A66: 65 | B66: 43895 | C66: March | D66: Textiles | E66: 5 | F66: Swing | G66: 178 | I66: =IFERROR(Table2[[#This Row],[Defects]]/Table2[[#This Row],[Units Produced]],"") -> 0 | J66: 23.25 | K66: =IFERROR(Table2[[#This Row],[Units Produced]]/Table2[[#This Row],[Production Time Hours]],"") -> 7.655914 | L66: 14.09 | M66: 27.47 | N66: 381.39 | O66: 1 | P66: 4.17 | Q66: 1.62 | R66: 1.81 | S66: 0.031 | T66: 0.18 | U66: 0 | V66: 20.4 | W66: 46.6
A67: 66 | B67: 43896 | C67: March | D67: Appliances | E67: 9 | F67: Day | G67: 65 | H67: 5 | I67: =IFERROR(Table2[[#This Row],[Defects]]/Table2[[#This Row],[Units Produced]],"") -> 0.076923077 | J67: 3.01 | K67: =IFERROR(Table2[[#This Row],[Units Produced]]/Table2[[#This Row],[Production Time Hours]],"") -> 21.594684 | L67: 36.28 | M67: 18.1 | N67: 338.35 | O67: 2 | P67: 1.32 | Q67: 0.14 | R67: 1.52 | S67: 0.02 | T67: 0.8 | U67: 2 | V67: 22.9 | W67: 37.9
A68: 67 | B68: 43897 | C68: March | D68: Textiles | E68: 8 | F68: Swing | G68: 94 | H68: 1 | I68: =IFERROR(Table2[[#This Row],[Defects]]/Table2[[#This Row],[Units Produced]],"") -> 0.010638298 | J68: 9.17 | K68: =IFERROR(Table2[[#This Row],[Units Produced]]/Table2[[#This Row],[Production Time Hours]],"") -> 10.250818 | L68: 11.02 | M68: 17.02 | N68: 444.71 | O68: 3 | P68: 2.52 | R68: 1.69 | S68: 0.016 | T68: 1.45 | U68: 0 | V68: 21.8 | W68: 59.2
A69: 68 | B69: 43898 | C69: March | D69: Electronics | E69: 13 | F69: Day | G69: 71 | H69: 8 | I69: =IFERROR(Table2[[#This Row],[Defects]]/Table2[[#This Row],[Units Produced]],"") -> 0.11267606 | J69: 14.65 | K69: =IFERROR(Table2[[#This Row],[Units Produced]]/Table2[[#This Row],[Production Time Hours]],"") -> 4.8464164 | L69: 19 | M69: 15.98 | N69: 487.45 | O69: 3 | P69: 0.38 | Q69: 0.92 | R69: 2.23 | S69: 0.018 | T69: 0.65 | U69: 1 | V69: 24.6 | W69: 45
A70: 69 | B70: 43899 | C70: March | D70: Automotive | E70: 3 | F70: Night | G70: 172 | H70: 3 | I70: =IFERROR(Table2[[#This Row],[Defects]]/Table2[[#This Row],[Units Produced]],"") -> 0.01744186 | J70: 13.52 | K70: =IFERROR(Table2[[#This Row],[Units Produced]]/Table2[[#This Row],[Production Time Hours]],"") -> 12.721893 | L70: 10.35 | M70: 25.93 | N70: 236.41 | O70: 2 | P70: 0.68 | Q70: 1.62 | R70: 2.11 | S70: 0.04 | T70: 0.19 | U70: 1 | V70: 23.5 | W70: 49.9
A71: 70 | B71: 43900 | C71: March | D71: Furniture | E71: 18 | F71: Day | G71: 127 | H71: 2 | I71: =IFERROR(Table2[[#This Row],[Defects]]/Table2[[#This Row],[Units Produced]],"") -> 0.015748031 | J71: 12.23 | K71: =IFERROR(Table2[[#This Row],[Units Produced]]/Table2[[#This Row],[Production Time Hours]],"") -> 10.384301 | L71: 39.41 | M71: 21.21 | N71: 351.51 | O71: 2 | P71: 1.8 | Q71: 0.86 | R71: 1.54 | S71: 0.017 | T71: 0.33 | U71: 2 | V71: 19.5 | W71: 30.3
A72: 71 | B72: 43901 | C72: March | D72: Appliances | E72: 12 | F72: Swing | G72: 180 | H72: 8 | I72: =IFERROR(Table2[[#This Row],[Defects]]/Table2[[#This Row],[Units Produced]],"") -> 0.044444444 | J72: 9.83 | K72: =IFERROR(Table2[[#This Row],[Units Produced]]/Table2[[#This Row],[Production Time Hours]],"") -> 18.311292 | L72: 45.3 | M72: 22.49 | N72: 448.17 | O72: 2 | P72: 4.53 | Q72: 2.81 | R72: 2.36 | S72: 0.03 | T72: 1.19 | U72: 1 | V72: 20.1 | W72: 48.9
A73: 72 | B73: 43902 | C73: March | D73: Automotive | E73: 2 | F73: Day | G73: 87 | I73: =IFERROR(Table2[[#This Row],[Defects]]/Table2[[#This Row],[Units Produced]],"") -> 0 | J73: 20.2 | K73: =IFERROR(Table2[[#This Row],[Units Produced]]/Table2[[#This Row],[Production Time Hours]],"") -> 4.3069307 | L73: 22.99 | M73: 16.48 | N73: 193.28 | O73: 2 | Q73: 2.92 | R73: 1.42 | S73: 0.046 | T73: 1.99 | U73: 0 | V73: 21.5 | W73: 31.3
A74: 73 | B74: 43903 | C74: March | D74: Appliances | E74: 9 | F74: Day | G74: 51 | I74: =IFERROR(Table2[[#This Row],[Defects]]/Table2[[#This Row],[Units Produced]],"") -> 0 | J74: 4.18 | K74: =IFERROR(Table2[[#This Row],[Units Produced]]/Table2[[#This Row],[Production Time Hours]],"") -> 12.200957 | L74: 22.59 | M74: 16.74 | N74: 138.24 | O74: 3 | Q74: 2.94 | R74: 1.12 | S74: 0.032 | U74: 0 | V74: 19.6 | W74: 40
A75: 74 | B75: 43904 | C75: March | D75: Textiles | E75: 7 | F75: Night | G75: 170 | H75: 2 | I75: =IFERROR(Table2[[#This Row],[Defects]]/Table2[[#This Row],[Units Produced]],"") -> 0.011764706 | J75: 12.53 | K75: =IFERROR(Table2[[#This Row],[Units Produced]]/Table2[[#This Row],[Production Time Hours]],"") -> 13.567438 | L75: 13.9 | M75: 25.11 | N75: 493.13 | O75: 4 | P75: 4.76 | Q75: 1.31 | R75: 0.82 | S75: 0.018 | T75: 0.76 | U75: 0 | V75: 20.8 | W75: 34.4
A76: 75 | B76: 43905 | C76: March | D76: Appliances | E76: 10 | F76: Swing | G76: 103 | H76: 1 | I76: =IFERROR(Table2[[#This Row],[Defects]]/Table2[[#This Row],[Units Produced]],"") -> 0.0097087379 | J76: 14.17 | K76: =IFERROR(Table2[[#This Row],[Units Produced]]/Table2[[#This Row],[Production Time Hours]],"") -> 7.2688779 | L76: 11.7 | M76: 21.19 | N76: 459.79 | O76: 1 | P76: 3.89 | Q76: 1.82 | R76: 0.95 | S76: 0.027 | T76: 0.38 | U76: 2 | V76: 21.5 | W76: 44.1
A77: 76 | B77: 43906 | C77: March | D77: Automotive | E77: 1 | F77: Night | G77: 157 | H77: 8 | I77: =IFERROR(Table2[[#This Row],[Defects]]/Table2[[#This Row],[Units Produced]],"") -> 0.050955414 | J77: 21.35 | K77: =IFERROR(Table2[[#This Row],[Units Produced]]/Table2[[#This Row],[Production Time Hours]],"") -> 7.35363 | L77: 19.43 | M77: 27.61 | N77: 344.01 | O77: 1 | P77: 4.97 | R77: 1.85 | S77: 0.038 | T77: 1.46 | U77: 0 | V77: 24.6 | W77: 56.6
A78: 77 | B78: 43907 | C78: March | D78: Automotive | E78: 4 | F78: Night | G78: 122 | H78: 7 | I78: =IFERROR(Table2[[#This Row],[Defects]]/Table2[[#This Row],[Units Produced]],"") -> 0.057377049 | J78: 7.5 | K78: =IFERROR(Table2[[#This Row],[Units Produced]]/Table2[[#This Row],[Production Time Hours]],"") -> 16.266667 | L78: 44.38 | M78: 26.81 | N78: 104.12 | O78: 4 | P78: 2.3 | R78: 1.65 | S78: 0.031 | T78: 1.71 | U78: 2 | V78: 18.5 | W78: 48.7
A79: 78 | B79: 43908 | C79: March | D79: Appliances | E79: 12 | F79: Swing | G79: 91 | H79: 4 | I79: =IFERROR(Table2[[#This Row],[Defects]]/Table2[[#This Row],[Units Produced]],"") -> 0.043956044 | J79: 7.3 | K79: =IFERROR(Table2[[#This Row],[Units Produced]]/Table2[[#This Row],[Production Time Hours]],"") -> 12.465753 | L79: 34.08 | M79: 26.78 | N79: 190.48 | O79: 1 | P79: 0.97 | Q79: 1.15 | R79: 0.76 | S79: 0.041 | T79: 1.76 | U79: 2 | V79: 23.7 | W79: 37.1
A80: 79 | B80: 43909 | C80: March | D80: Furniture | E80: 17 | F80: Swing | G80: 91 | I80: =IFERROR(Table2[[#This Row],[Defects]]/Table2[[#This Row],[Units Produced]],"") -> 0 | J80: 19.63 | K80: =IFERROR(Table2[[#This Row],[Units Produced]]/Table2[[#This Row],[Production Time Hours]],"") -> 4.6357616 | L80: 10.45 | M80: 27.91 | N80: 378.27 | O80: 2 | P80: 2.12 | Q80: 0.92 | R80: 1.46 | S80: 0.014 | T80: 0.52 | U80: 2 | V80: 21.3 | W80: 48.8
A81: 80 | B81: 43910 | C81: March | D81: Furniture | E81: 20 | F81: Swing | G81: 69 | H81: 0 | I81: =IFERROR(Table2[[#This Row],[Defects]]/Table2[[#This Row],[Units Produced]],"") -> 0 | J81: 7.37 | K81: =IFERROR(Table2[[#This Row],[Units Produced]]/Table2[[#This Row],[Production Time Hours]],"") -> 9.3622795 | L81: 34.38 | M81: 27.71 | N81: 244 | O81: 2 | P81: 2.12 | Q81: 1.46 | R81: 0.81 | S81: 0.024 | T81: 1.04 | U81: 0 | V81: 24.2 | W81: 47.7
A82: 81 | B82: 43911 | C82: March | D82: Electronics | E82: 14 | F82: Night | G82: 70 | H82: 5 | I82: =IFERROR(Table2[[#This Row],[Defects]]/Table2[[#This Row],[Units Produced]],"") -> 0.071428571 | J82: 2.24 | K82: =IFERROR(Table2[[#This Row],[Units Produced]]/Table2[[#This Row],[Production Time Hours]],"") -> 31.25 | L82: 12.02 | M82: 23.15 | N82: 327.55 | O82: 2 | P82: 3.88 | Q82: 2.39 | R82: 1.31 | S82: 0.016 | T82: 0.3 | U82: 0 | V82: 18.3 | W82: 45.8
A83: 82 | B83: 43912 | C83: March | D83: Electronics | E83: 15 | F83: Swing | G83: 183 | H83: 9 | I83: =IFERROR(Table2[[#This Row],[Defects]]/Table2[[#This Row],[Units Produced]],"") -> 0.049180328 | J83: 13.01 | K83: =IFERROR(Table2[[#This Row],[Units Produced]]/Table2[[#This Row],[Production Time Hours]],"") -> 14.066103 | L83: 26.74 | M83: 19.31 | N83: 122.24 | O83: 2 | P83: 1.33 | Q83: 1.88 | R83: 0.99 | S83: 0.047 | U83: 2 | V83: 21.9 | W83: 38.2
A84: 83 | B84: 43913 | C84: March | D84: Electronics | E84: 15 | F84: Swing | G84: 142 | H84: 0 | I84: =IFERROR(Table2[[#This Row],[Defects]]/Table2[[#This Row],[Units Produced]],"") -> 0 | J84: 18.46 | K84: =IFERROR(Table2[[#This Row],[Units Produced]]/Table2[[#This Row],[Production Time Hours]],"") -> 7.6923077 | L84: 47.38 | M84: 23.44 | N84: 319.46 | O84: 3 | P84: 2.65 | Q84: 0.35 | R84: 1.48 | S84: 0.019 | T84: 0.26 | U84: 0 | V84: 22.5 | W84: 42.7
A85: 84 | B85: 43914 | C85: March | D85: Textiles | E85: 6 | F85: Swing | G85: 71 | H85: 9 | I85: =IFERROR(Table2[[#This Row],[Defects]]/Table2[[#This Row],[Units Produced]],"") -> 0.12676056 | J85: 4.53 | K85: =IFERROR(Table2[[#This Row],[Units Produced]]/Table2[[#This Row],[Production Time Hours]],"") -> 15.673289 | L85: 35.1 | M85: 18.55 | N85: 157.43 | O85: 2 | Q85: 0.61 | R85: 2.23 | S85: 0.042 | T85: 1.65 | U85: 0 | V85: 24.5 | W85: 42.5
A86: 85 | B86: 43915 | C86: March | D86: Furniture | E86: 20 | F86: Night | G86: 148 | I86: =IFERROR(Table2[[#This Row],[Defects]]/Table2[[#This Row],[Units Produced]],"") -> 0 | J86: 18.53 | K86: =IFERROR(Table2[[#This Row],[Units Produced]]/Table2[[#This Row],[Production Time Hours]],"") -> 7.987048 | L86: 34.48 | M86: 17.88 | N86: 142.2 | O86: 3 | P86: 2.27 | Q86: 0.4 | R86: 1.1 | S86: 0.018 | T86: 0.99 | U86: 1 | V86: 21.9 | W86: 36.9
A87: 86 | B87: 43916 | C87: March | D87: Electronics | E87: 13 | F87: Swing | G87: 136 | H87: 7 | I87: =IFERROR(Table2[[#This Row],[Defects]]/Table2[[#This Row],[Units Produced]],"") -> 0.051470588 | J87: 9.15 | K87: =IFERROR(Table2[[#This Row],[Units Produced]]/Table2[[#This Row],[Production Time Hours]],"") -> 14.863388 | L87: 36.98 | M87: 22.59 | N87: 295.71 | O87: 3 | P87: 0.5 | Q87: 0.65 | R87: 2.45 | S87: 0.046 | T87: 0.51 | U87: 0 | V87: 23.8 | W87: 50.9
A88: 87 | B88: 43917 | C88: March | D88: Furniture | E88: 20 | F88: Night | G88: 78 | H88: 4 | I88: =IFERROR(Table2[[#This Row],[Defects]]/Table2[[#This Row],[Units Produced]],"") -> 0.051282051 | J88: 22.82 | K88: =IFERROR(Table2[[#This Row],[Units Produced]]/Table2[[#This Row],[Production Time Hours]],"") -> 3.4180543 | L88: 15.56 | M88: 24.34 | N88: 305.27 | O88: 4 | P88: 2.82 | Q88: 0.09 | R88: 1.5 | S88: 0.014 | T88: 1.99 | U88: 0 | V88: 24.8 | W88: 54.2
A89: 88 | B89: 43918 | C89: March | D89: Appliances | E89: 11 | F89: Swing | G89: 89 | I89: =IFERROR(Table2[[#This Row],[Defects]]/Table2[[#This Row],[Units Produced]],"") -> 0 | J89: 3 | K89: =IFERROR(Table2[[#This Row],[Units Produced]]/Table2[[#This Row],[Production Time Hours]],"") -> 29.666667 | L89: 13.73 | M89: 21.76 | N89: 460.33 | O89: 2 | P89: 3.17 | Q89: 2.65 | R89: 0.85 | S89: 0.022 | T89: 0.65 | U89: 2 | V89: 20.2 | W89: 37.9
A90: 89 | B90: 43919 | C90: March | D90: Appliances | E90: 12 | F90: Swing | G90: 169 | H90: 6 | I90: =IFERROR(Table2[[#This Row],[Defects]]/Table2[[#This Row],[Units Produced]],"") -> 0.035502959 | J90: 8.25 | K90: =IFERROR(Table2[[#This Row],[Units Produced]]/Table2[[#This Row],[Production Time Hours]],"") -> 20.484848 | L90: 24.9 | M90: 27.09 | N90: 495.44 | O90: 1 | P90: 0.24 | Q90: 2.53 | R90: 1.83 | S90: 0.015 | T90: 1.07 | U90: 2 | V90: 25 | W90: 57.3
A91: 90 | B91: 43920 | C91: March | D91: Appliances | E91: 10 | F91: Swing | G91: 76 | H91: 8 | I91: =IFERROR(Table2[[#This Row],[Defects]]/Table2[[#This Row],[Units Produced]],"") -> 0.10526316 | J91: 5.83 | K91: =IFERROR(Table2[[#This Row],[Units Produced]]/Table2[[#This Row],[Production Time Hours]],"") -> 13.036021 | L91: 17.58 | M91: 23.76 | N91: 143.47 | O91: 3 | P91: 0.65 | Q91: 1.67 | R91: 2.23 | S91: 0.023 | T91: 1.19 | U91: 1 | V91: 19.2 | W91: 54
A92: 91 | B92: 43921 | C92: March | D92: Automotive | E92: 1 | F92: Swing | G92: 192 | H92: 1 | I92: =IFERROR(Table2[[#This Row],[Defects]]/Table2[[#This Row],[Units Produced]],"") -> 0.0052083333 | J92: 21.63 | K92: =IFERROR(Table2[[#This Row],[Units Produced]]/Table2[[#This Row],[Production Time Hours]],"") -> 8.8765603 | L92: 10.93 | M92: 29.67 | N92: 226.29 | O92: 1 | P92: 0.35 | Q92: 2.31 | R92: 1.46 | S92: 0.031 | T92: 0.38 | U92: 1 | V92: 22.8 | W92: 55.4
A93: 92 | B93: 43922 | C93: April | D93: Furniture | E93: 19 | F93: Night | G93: 148 | H93: 1 | I93: =IFERROR(Table2[[#This Row],[Defects]]/Table2[[#This Row],[Units Produced]],"") -> 0.0067567568 | J93: 7.42 | K93: =IFERROR(Table2[[#This Row],[Units Produced]]/Table2[[#This Row],[Production Time Hours]],"") -> 19.946092 | L93: 23.61 | M93: 17.55 | N93: 394.34 | O93: 1 | P93: 1.02 | Q93: 3 | R93: 2.28 | S93: 0.049 | T93: 0.38 | U93: 2 | V93: 22.6 | W93: 53.5
A94: 93 | B94: 43923 | C94: April | D94: Appliances | E94: 11 | F94: Night | G94: 140 | H94: 0 | I94: =IFERROR(Table2[[#This Row],[Defects]]/Table2[[#This Row],[Units Produced]],"") -> 0 | J94: 7.11 | K94: =IFERROR(Table2[[#This Row],[Units Produced]]/Table2[[#This Row],[Production Time Hours]],"") -> 19.690577 | L94: 29.89 | M94: 19.68 | N94: 363.02 | O94: 3 | P94: 0.35 | Q94: 1.75 | R94: 2.04 | S94: 0.023 | T94: 1.91 | U94: 2 | V94: 18.9 | W94: 58.8
A95: 94 | B95: 43924 | C95: April | D95: Electronics | E95: 16 | F95: Day | G95: 189 | H95: 6 | I95: =IFERROR(Table2[[#This Row],[Defects]]/Table2[[#This Row],[Units Produced]],"") -> 0.031746032 | J95: 17.21 | K95: =IFERROR(Table2[[#This Row],[Units Produced]]/Table2[[#This Row],[Production Time Hours]],"") -> 10.981987 | L95: 12.01 | M95: 16.06 | N95: 132.35 | O95: 4 | P95: 2.07 | Q95: 1.84 | R95: 0.73 | S95: 0.02 | T95: 0.99 | U95: 1 | V95: 18.6 | W95: 34.4
A96: 95 | B96: 43925 | C96: April | D96: Appliances | E96: 12 | F96: Swing | G96: 159 | H96: 6 | I96: =IFERROR(Table2[[#This Row],[Defects]]/Table2[[#This Row],[Units Produced]],"") -> 0.037735849 | J96: 22.83 | K96: =IFERROR(Table2[[#This Row],[Units Produced]]/Table2[[#This Row],[Production Time Hours]],"") -> 6.9645204 | L96: 48.88 | M96: 22.49 | N96: 123.51 | O96: 4 | P96: 1.29 | R96: 2.21 | S96: 0.036 | T96: 0.61 | U96: 2 | V96: 22.2 | W96: 32.6
A97: 96 | B97: 43926 | C97: April | D97: Furniture | E97: 20 | F97: Swing | G97: 90 | H97: 3 | I97: =IFERROR(Table2[[#This Row],[Defects]]/Table2[[#This Row],[Units Produced]],"") -> 0.033333333 | J97: 14.58 | K97: =IFERROR(Table2[[#This Row],[Units Produced]]/Table2[[#This Row],[Production Time Hours]],"") -> 6.1728395 | L97: 40.61 | M97: 15.75 | N97: 265.9 | O97: 3 | P97: 3.7 | Q97: 1.59 | R97: 0.73 | S97: 0.023 | T97: 0.3 | U97: 2 | V97: 20.9 | W97: 56.5
A98: 97 | B98: 43927 | C98: April | D98: Textiles | E98: 8 | F98: Day | G98: 121 | H98: 4 | I98: =IFERROR(Table2[[#This Row],[Defects]]/Table2[[#This Row],[Units Produced]],"") -> 0.033057851 | J98: 22.66 | K98: =IFERROR(Table2[[#This Row],[Units Produced]]/Table2[[#This Row],[Production Time Hours]],"") -> 5.3398058 | L98: 39.51 | M98: 24.77 | N98: 298.71 | O98: 4 | P98: 4.65 | Q98: 0.15 | R98: 1.27 | S98: 0.023 | T98: 0.08 | U98: 1 | V98: 18.6 | W98: 44.5
A99: 98 | B99: 43928 | C99: April | D99: Appliances | E99: 11 | F99: Swing | G99: 147 | H99: 5 | I99: =IFERROR(Table2[[#This Row],[Defects]]/Table2[[#This Row],[Units Produced]],"") -> 0.034013605 | J99: 16.13 | K99: =IFERROR(Table2[[#This Row],[Units Produced]]/Table2[[#This Row],[Production Time Hours]],"") -> 9.1134532 | L99: 45.21 | M99: 18.75 | N99: 328.92 | O99: 3 | P99: 2.64 | Q99: 1.04 | R99: 2.36 | S99: 0.048 | T99: 1.88 | U99: 1 | V99: 23.3 | W99: 39
A100: 99 | B100: 43929 | C100: April | D100: Automotive | E100: 1 | F100: Night | G100: 149 | H100: 9 | I100: =IFERROR(Table2[[#This Row],[Defects]]/Table2[[#This Row],[Units Produced]],"") -> 0.060402685 | J100: 5.53 | K100: =IFERROR(Table2[[#This Row],[Units Produced]]/Table2[[#This Row],[Production Time Hours]],"") -> 26.943942 | L100: 33.61 | M100: 26.33 | N100: 355.43 | O100: 2 | P100: 1.79 | Q100: 2.15 | R100: 1.04 | S100: 0.019 | T100: 0.47 | U100: 0 | V100: 18.7 | W100: 57.5
...

Sheet pivot
A1: Total Units Produced
A2: 365200
A4: Average of Defects (%)
A5: 0.038541797
A7: Production Time (Hours)
A8: 36739.75
A10: Average of Efficiency
A11: 17.371756
A13: Shift | B13: Total Units Produced
A14: Day | B14: 119058
A15: Night | B15: 121350
A16: Swing | B16: 124792
A17: Grand Total | B17: 365200
A19: Product | B19: Average of Defects (%)
A20: Appliances | B20: 0.037320464
A21: Automotive | B21: 0.036957367
A22: Electronics | B22: 0.040725907
A23: Furniture | B23: 0.039908033
A24: Textiles | B24: 0.038151675
A25: Grand Total | B25: 0.038541797
A27: Date | B27: Average of Defects (%)
A28: January | B28: 0.036426675
A29: February | B29: 0.040778954
A30: March | B30: 0.037566829
A31: April | B31: 0.040336315
A32: May | B32: 0.036511752
A33: June | B33: 0.037958123
A34: July | B34: 0.035870423
A35: August | B35: 0.043094629
A36: September | B36: 0.037499189
A37: October | B37: 0.040776201
A38: November | B38: 0.037651669
A39: December | B39: 0.038205979
A40: Grand Total | B40: 0.038541797
A42: Date | B42: Total Units Produced | C42: Average of Efficiency
A43: January | B43: 30824 | C43: 15.798251
A44: February | B44: 27875 | C44: 17.519713
A45: March | B45: 31326 | C45: 15.372413
A46: April | B46: 29441 | C46: 15.798468
A47: May | B47: 31558 | C47: 18.722253
A48: June | B48: 30040 | C48: 17.490678
A49: July | B49: 31643 | C49: 17.403642
A50: August | B50: 30326 | C50: 18.280154
A51: September | B51: 30881 | C51: 17.423715
A52: October | B52: 29824 | C52: 17.495894
A53: November | B53: 30016 | C53: 17.011747
A54: December | B54: 31446 | C54: 20.100415
A55: Grand Total | B55: 365200 | C55: 17.371756

Sheet pivot2
A1: Sum of Units Produced | B1: Average of Defects (%) | C1: Sum of Production Time Hours | D1: Average of Efficiency | E1: Sum of Defects
A2: 365200 | B2: 0.038541797 | C2: 36739.75 | D2: 17.371756 | E2: 12175
A4: ProType | B4: Sum of Units Produced | C4: Average of Defects (%) | D4: Sum of Defects
A5: Appliances | B5: 74679 | C5: 0.037320464 | D5: 2465
A6: Automotive | B6: 81016 | C6: 0.036957367 | D6: 2601
A7: Electronics | B7: 67476 | C7: 0.040725907 | D7: 2325
A8: Furniture | B8: 67651 | C8: 0.039908033 | D8: 2344
A9: Textiles | B9: 74378 | C9: 0.038151675 | D9: 2440
A10: Total | B10: 365200 | C10: 0.038541797 | D10: 12175
A12: ProType | B12: Sum of Units Produced | C12: Average of Defects (%) | D12: Average of Efficiency | E12: Sum of Production Time Hours
A13: Day | B13: 119058 | C13: 0.038673941 | D13: 17.392685 | E13: 12066.02
A14: Night | B14: 121350 | C14: 0.039100192 | D14: 17.37718 | E14: 12241.05
A15: Swing | B15: 124792 | C15: 0.037859542 | D15: 17.346042 | E15: 12432.68
A16: Total | B16: 365200 | C16: 0.038541797 | D16: 17.371756 | E16: 36739.75
A18: Date2 | B18: Years (Date)
A19: January | B19: 2020
B20: 2021
B21: 2022
B22: 2023
B23: 2024
B24: 2025
B25: 2026
B26: 2027
A27: February | B27: 2020
B28: 2021
B29: 2022
B30: 2023
B31: 2024
B32: 2025
B33: 2026
B34: 2027
A35: March | B35: 2020
B36: 2021
B37: 2022
B38: 2023
B39: 2024
B40: 2025
B41: 2026
B42: 2027
A43: April | B43: 2020
B44: 2021
B45: 2022
B46: 2023
B47: 2024
B48: 2025
B49: 2026
B50: 2027
A51: May | B51: 2020
B52: 2021
B53: 2022
B54: 2023
B55: 2024
B56: 2025
B57: 2026
B58: 2027
A59: June | B59: 2020
B60: 2021
B61: 2022
B62: 2023
B63: 2024
B64: 2025
B65: 2026
B66: 2027
A67: July | B67: 2020
B68: 2021
B69: 2022
B70: 2023
B71: 2024
B72: 2025
B73: 2026
B74: 2027
A75: August | B75: 2020
B76: 2021
B77: 2022
B78: 2023
B79: 2024
B80: 2025
B81: 2026
B82: 2027
A83: September | B83: 2020
B84: 2021
B85: 2022
B86: 2023
B87: 2024
B88: 2025
B89: 2026
B90: 2027
A91: October | B91: 2020
B92: 2021
B93: 2022
B94: 2023
B95: 2024
B96: 2025
B97: 2026
B98: 2027
A99: November | B99: 2020
B100: 2021
B101: 2022
B102: 2023
B103: 2024
...

Sheet dashboard
A38: Ahmad Amir Hamzah - Excel Portfolio

Sheet report
F7: Periode:
F8: =CONCATENATE(pivot2!A19," ",pivot2!B19) -> January 2020
B14: Metric | C14: Value | D14: Unit / %
B15: Total Units Produced | C15: =GETPIVOTDATA("Sum of Units Produced",pivot2!$A$1) -> 365200 | D15: units
B16: Average Defect Rate | C16: =GETPIVOTDATA("Average of Defects (%)",pivot2!$A$1) -> 0.038541797 | D16: percentage
B17: Total Production Hours | C17: =GETPIVOTDATA("Sum of Production Time Hours",pivot2!$A$1) -> 36739.75 | D17: hours
B18: Average Efficiency | C18: =GETPIVOTDATA("Average of Efficiency",pivot2!$A$1) -> 17.371756 | D18: units/hour
B19: Total Defect | C19: =GETPIVOTDATA("Sum of Defects",pivot2!$A$1) -> 12175 | D19: units
B21: Product Type | C21: Total Units Produced | D21: Average of Defects (%) | E21: Total Defects
B22: Appliances | C22: =pivot2!B5 -> 74679 | D22: =pivot2!C5 -> 0.037320464 | E22: =pivot2!D5 -> 2465
B23: Automotive | C23: =pivot2!B6 -> 81016 | D23: =pivot2!C6 -> 0.036957367 | E23: =pivot2!D6 -> 2601
B24: Electronics | C24: =pivot2!B7 -> 67476 | D24: =pivot2!C7 -> 0.040725907 | E24: =pivot2!D7 -> 2325
B25: Furniture | C25: =pivot2!B8 -> 67651 | D25: =pivot2!C8 -> 0.039908033 | E25: =pivot2!D8 -> 2344
B26: Textiles | C26: =pivot2!B9 -> 74378 | D26: =pivot2!C9 -> 0.038151675 | E26: =pivot2!D9 -> 2440
B27: Total | C27: =pivot2!B10 -> 365200 | D27: =pivot2!C10 -> 0.038541797 | E27: =pivot2!D10 -> 12175
B30: Shift | C30: Total Units Produced | D30: Average of Defects (%) | E30: Efficiency (unit/hour) | F30: Production Time (hours)
B31: Day | C31: =C24 -> 67476 | D31: =D24 -> 0.040725907 | E31: =E24 -> 2325 | F31: =pivot2!E13 -> 12066.02
B32: Night | C32: =C25 -> 67651 | D32: =D25 -> 0.039908033 | E32: =E25 -> 2344 | F32: =pivot2!E14 -> 12241.05
B33: Swing | C33: =C26 -> 74378 | D33: =D26 -> 0.038151675 | E33: =E26 -> 2440 | F33: =pivot2!E15 -> 12432.68
B34: Total | C34: =C27 -> 365200 | D34: =D27 -> 0.038541797 | E34: =E27 -> 12175 | F34: =pivot2!E16 -> 36739.75
A62: Ahmad Amir Hamzah - Excel Portfolio
